{
  "VolCholeskyLines": [
    [
      0.2,
      0,
      0,
      0
    ],
    [
      0.03,
      0.14696938456699069,
      0,
      0
    ],
    [
      0.105,
      0.050010415581823224,
      0.3301120390614879,
      0
    ],
    [
      -0.075,
      -0.06123724356957946,
      -0.04638576661285544,
      0.22577280760919305
    ]
  ],
  "MathPaymentDates": [
    0.1626984126984127,
    0.25396825396825395,
    0.5198412698412699,
    0.8531746031746031
  ],
  "Strikes": [
    11,
    10,
    10.2,
    10.3
  ],
  "DomesticInterestRate": 0.01,
  "RelativeFiniteDifferenceStep": 0.1,
  "SampleNb": 10000
}