{
  "VolCholeskyLines": [
    [
      0.2,
      0,
      0,
      0,
      0,
      0,
      0,
      0
    ],
    [
      0.061200000000000004,
      0.33444664746413594,
      0,
      0,
      0,
      0,
      0,
      0
    ],
    [
      0.06659999999999999,
      0.05551881037166364,
      0.3596972361513433,
      0,
      0,
      0,
      0,
      0
    ],
    [
      0.07919999999999999,
      0.06602236909062703,
      0.05661371443399522,
      0.4239850163834178,
      0,
      0,
      0,
      0
    ],
    [
      -0.0483,
      -0.040263641756026335,
      -0.03452578796921678,
      -0.030222072448818006,
      0.1950398560667677,
      0,
      0,
      0
    ],
    [
      -0.0483,
      -0.040263641756026335,
      -0.03452578796921678,
      -0.030222072448818006,
      0.009631597830457658,
      0.19480189367092346,
      0,
      0
    ],
    [
      -0.0414,
      -0.034511692933736855,
      -0.029593532545042954,
      -0.025904633527558292,
      0.008255655283249421,
      0.007857555374961618,
      0.1667880655908252,
      0
    ],
    [
      -0.0345,
      -0.028759744111447383,
      -0.024661277120869126,
      -0.021587194606298574,
      0.006879712736041185,
      0.006547962812468015,
      0.006246744029618921,
      0.1388496074288511
    ]
  ],
  "MathPaymentDates": [
    0.17063492063492064,
    0.25793650793650796,
    0.3333333333333333,
    0.4246031746031746
  ],
  "Strikes": [
    17,
    10,
    15,
    14
  ],
  "DomesticInterestRate": 0.05,
  "RelativeFiniteDifferenceStep": 0.1,
  "SampleNb": 50000,
  "PayoffType": "ConditionalMax"
}