{
  "VolCholeskyLines": [
    [
      0.13,
      0,
      0,
      0,
      0,
      0,
      0,
      0
    ],
    [
      0.044000000000000004,
      0.19509997437211518,
      0,
      0,
      0,
      0,
      0,
      0
    ],
    [
      0.0638,
      0.05101384575795471,
      0.2782573404979347,
      0,
      0,
      0,
      0,
      0
    ],
    [
      0.07919999999999999,
      0.06332753266504723,
      0.05277294388753934,
      0.3413678367977862,
      0,
      0,
      0,
      0
    ],
    [
      -0.039599999999999996,
      -0.031663766332523616,
      -0.026386471943769675,
      -0.02262076026973282,
      0.2112375468632868,
      0,
      0,
      0
    ],
    [
      -0.0414,
      -0.03310302843854741,
      -0.027585857032122844,
      -0.023648976645629767,
      0.03399747002990242,
      0.21820666336109065,
      0,
      0
    ],
    [
      -0.0684,
      -0.054691960028904425,
      -0.04557663335742035,
      -0.03907222228408396,
      0.056169733092882264,
      0.04809593322515074,
      0.35729274235178543,
      0
    ],
    [
      -0.07919999999999999,
      -0.06332753266504723,
      -0.05277294388753935,
      -0.04524152053946564,
      0.0650386383180742,
      0.05569002794491138,
      0.04869577343803311,
      0.41083150169111254
    ]
  ],
  "MathPaymentDates": [
    0.17063492063492064,
    0.25793650793650796,
    0.3333333333333333,
    0.4246031746031746
  ],
  "Strikes": [
    18,
    11,
    13,
    19
  ],
  "DomesticInterestRate": 0.05,
  "RelativeFiniteDifferenceStep": 0.1,
  "SampleNb": 10000,
  "PayoffType": "ConditionalBasket"
}