{
  "VolCholeskyLines": [
    [
      0.18,
      0,
      0,
      0,
      0
    ],
    [
      0.041600000000000005,
      0.31728447803193904,
      0,
      0,
      0
    ],
    [
      -0.055,
      -0.04825953067410577,
      0.20747534238823429,
      0,
      0
    ],
    [
      -0.11,
      -0.09651906134821155,
      0.013707823616496279,
      0.4147242051872054,
      0
    ],
    [
      -0.0975,
      -0.08555098619500569,
      0.012150116387348975,
      0.011755155357970825,
      0.36740845084911394
    ]
  ],
  "MathPaymentDates": [
    0.17063492063492064,
    0.25793650793650796,
    0.3333333333333333
  ],
  "Strikes": [
    15,
    16,
    20
  ],
  "DomesticInterestRate": 0.05,
  "RelativeFiniteDifferenceStep": 0.1,
  "SampleNb": 50000,
  "PayoffType": "ConditionalMax"
}